{"cameraMode":{"drawMode":0,"name":"Shaded","section":"Shading Mode"},"sceneLighting":true,"audioPlay":false,"sceneViewState":{"showFog":true,"showMaterialUpdate":false,"showSkybox":true,"showFlares":true,"showImageEffects":true,"showParticleSystems":true},"in2DMode":false,"pivot":{"x":6.918087005615234,"y":4.006610870361328,"z":10.093846321105957},"rotation":{"x":0.08467971533536911,"y":0.05228671804070473,"z":-0.0044500031508505348,"w":0.9950255155563355},"size":45.68955612182617,"orthographic":false}